,ht2common_stub,incrange,irsvar,ht2var,pufvar,irs,ht2,diff,pdiff,abspdiff,irs_column,ht2description,irs_table,irs_xlcolumn
0,0,All returns,agi,a00100,c00100,11009900155000.0,10991386516000.0,-18513639000.0,-0.1681544677005293,0.1681544677005293,Adjusted gross income less deficit,Adjust gross income (AGI) [4],"Table 1.1.  All Returns: Selected Income and Tax Items, by Size and Accumulated Size of Adjusted Gross Income",D
1,0,All returns,socsectaxable,a02500,c02500,309539629000.0,308253971000.0,-1285658000.0,-0.4153452028593082,0.4153452028593082,Taxable Social Security benefits,Taxable Social Security benefits amount,"Table 1.4.  All Returns: Sources of Income, Adjustments, and Tax Items, by Size of Adjusted Gross Income",BU
2,0,All returns,nret_socsectaxable,n02500,c02500_nnz,20929431.0,20763960.0,-165471.0,-0.790613944545363,0.790613944545363,Number of returns with taxable Social Security benefits,Number of returns with taxable Social Security benefits,"Table 1.4.  All Returns: Sources of Income, Adjustments, and Tax Items, by Size of Adjusted Gross Income",BT
3,0,All returns,id_medical_capped,a17000,c17000,102533387000.0,102103653000.0,-429734000.0,-0.41911616554713055,0.41911616554713055,"Total medical expenses, capped",Total medical and dental expense deduction amount,"Table 2.1.  Returns with Itemized Deductions: Sources of Income,  Adjustments, Itemized Deductions by Type, Exemptions, and Tax Items, by Size of Adjusted Gross Income",BN
4,0,All returns,nret_id_medical_capped,n17000,c17000_nnz,10171257.0,10077080.0,-94177.0,-0.9259130901913107,0.9259130901913107,"Number of returns with total medical expenses, capped",Number of returns with Total medical and dental expense deduction,"Table 2.1.  Returns with Itemized Deductions: Sources of Income,  Adjustments, Itemized Deductions by Type, Exemptions, and Tax Items, by Size of Adjusted Gross Income",BM
5,0,All returns,id_taxpaid,a18300,c18300,624820806000.0,624144302000.0,-676504000.0,-0.10827168261743192,0.10827168261743192,Taxes paid deduction,Taxes paid amount,"Table 2.1.  Returns with Itemized Deductions: Sources of Income,  Adjustments, Itemized Deductions by Type, Exemptions, and Tax Items, by Size of Adjusted Gross Income",BT
6,0,All returns,nret_id_taxpaid,n18300,c18300_nnz,46431232.0,46595670.0,164438.0,0.35415385919546566,0.35415385919546566,Number of returns with taxes paid deduction,Number of returns with taxes paid,"Table 2.1.  Returns with Itemized Deductions: Sources of Income,  Adjustments, Itemized Deductions by Type, Exemptions, and Tax Items, by Size of Adjusted Gross Income",BS
7,0,All returns,id_contributions,a19700,c19700,256064685000.0,256340776000.0,276091000.0,0.1078208031693242,0.1078208031693242,Contributions deduction,Total charitable contributions amount,"Table 2.1.  Returns with Itemized Deductions: Sources of Income,  Adjustments, Itemized Deductions by Type, Exemptions, and Tax Items, by Size of Adjusted Gross Income",CV
8,0,All returns,nret_id_contributions,n19700,c19700_nnz,37979015.0,37972110.0,-6905.0,-0.018181092900908566,0.018181092900908566,Number of returns with contributions deduction,Number of returns with Total charitable contributions,"Table 2.1.  Returns with Itemized Deductions: Sources of Income,  Adjustments, Itemized Deductions by Type, Exemptions, and Tax Items, by Size of Adjusted Gross Income",CU
9,0,All returns,wages,a00200,e00200,7577563943000.0,7557396023000.0,-20167920000.0,-0.2661530823323598,0.2661530823323598,Salaries and wages,Salaries and wages amount,"Table 1.4.  All Returns: Sources of Income, Adjustments, and Tax Items, by Size of Adjusted Gross Income",G
10,0,All returns,nret_wages,n00200,e00200_nnz,126264481.0,125810680.0,-453801.0,-0.35940511251141166,0.35940511251141166,Number of returns with salaries and wages,Number of returns with salaries and wages,"Table 1.4.  All Returns: Sources of Income, Adjustments, and Tax Items, by Size of Adjusted Gross Income",F
11,0,All returns,taxint,a00300,e00300,106055367000.0,106605858000.0,550491000.0,0.5190600113618012,0.5190600113618012,Taxable interest,Taxable interest amount,"Table 1.4.  All Returns: Sources of Income, Adjustments, and Tax Items, by Size of Adjusted Gross Income",I
12,0,All returns,nret_taxint,n00300,e00300_nnz,44193009.0,43997810.0,-195199.0,-0.44169655883807324,0.44169655883807324,Number of returns with taxable interest,Number of returns with taxable interest,"Table 1.4.  All Returns: Sources of Income, Adjustments, and Tax Items, by Size of Adjusted Gross Income",H
13,0,All returns,orddiv,a00600,e00600,282336042000.0,279740132000.0,-2595910000.0,-0.9194398212892706,0.9194398212892706,Ordinary dividends,Ordinary dividends amount,"Table 1.4.  All Returns: Sources of Income, Adjustments, and Tax Items, by Size of Adjusted Gross Income",M
14,0,All returns,nret_orddiv,n00600,e00600_nnz,28171331.0,28136800.0,-34531.0,-0.12257496814758238,0.12257496814758238,Number of returns with ordinary dividends,Number of returns with ordinary dividends ,"Table 1.4.  All Returns: Sources of Income, Adjustments, and Tax Items, by Size of Adjusted Gross Income",L
15,0,All returns,nret_single,mars1,mars1,73021932.0,72858670.0,-163262.0,-0.22357940351400177,0.22357940351400177,Number of returns of single persons,Number of single returns,"Table 1.2.  All Returns: Adjusted Gross Income, Deductions, and Tax Items, by Size of Adjusted Gross Income and by Marital Status",BB
16,0,All returns,nret_mfjss,mars2,mars2,54774397.0,54719600.0,-54797.0,-0.10004126562999864,0.10004126562999864,Number of returns of married persons filing jointly and returns of surviving spouses,Number of joint returns,"Table 1.2.  All Returns: Adjusted Gross Income, Deductions, and Tax Items, by Size of Adjusted Gross Income and by Marital Status",O
17,0,All returns,nret_hoh,mars4,mars4,21894095.0,21580140.0,-313955.0,-1.4339711232640582,1.4339711232640582,Number of returns of heads of households,Number of head of household returns,"Table 1.2.  All Returns: Adjusted Gross Income, Deductions, and Tax Items, by Size of Adjusted Gross Income and by Marital Status",AO
18,0,All returns,nret_all,n1,nret_all,152903231.0,152455900.0,-447331.0,-0.2925582390080429,0.2925582390080429,Number of returns,Number of returns,"Table 1.1.  All Returns: Selected Income and Tax Items, by Size and Accumulated Size of Adjusted Gross Income",B
19,1,"Under $10,000",agi,a00100,c00100,-125560704000.0,-125554892000.0,5812000.0,-0.004628836741788259,0.004628836741788259,Adjusted gross income less deficit,Adjust gross income (AGI) [4],"Table 1.1.  All Returns: Selected Income and Tax Items, by Size and Accumulated Size of Adjusted Gross Income",D
20,1,"Under $10,000",socsectaxable,a02500,c02500,354039000.0,253671000.0,-100368000.0,-28.349419131790565,28.349419131790565,Taxable Social Security benefits,Taxable Social Security benefits amount,"Table 1.4.  All Returns: Sources of Income, Adjustments, and Tax Items, by Size of Adjusted Gross Income",BU
21,1,"Under $10,000",nret_socsectaxable,n02500,c02500_nnz,70569.0,56940.0,-13629.0,-19.313012795986907,19.313012795986907,Number of returns with taxable Social Security benefits,Number of returns with taxable Social Security benefits,"Table 1.4.  All Returns: Sources of Income, Adjustments, and Tax Items, by Size of Adjusted Gross Income",BT
22,1,"Under $10,000",id_medical_capped,a17000,c17000,4823936000.0,5095279000.0,271343000.0,5.624929518136227,5.624929518136227,"Total medical expenses, capped",Total medical and dental expense deduction amount,"Table 2.1.  Returns with Itemized Deductions: Sources of Income,  Adjustments, Itemized Deductions by Type, Exemptions, and Tax Items, by Size of Adjusted Gross Income",BN
23,1,"Under $10,000",nret_id_medical_capped,n17000,c17000_nnz,518699.0,532820.0,14121.0,2.7223881287606106,2.7223881287606106,"Number of returns with total medical expenses, capped",Number of returns with Total medical and dental expense deduction,"Table 2.1.  Returns with Itemized Deductions: Sources of Income,  Adjustments, Itemized Deductions by Type, Exemptions, and Tax Items, by Size of Adjusted Gross Income",BM
24,1,"Under $10,000",id_taxpaid,a18300,c18300,2567445000.0,2862467000.0,295022000.0,11.490879064595347,11.490879064595347,Taxes paid deduction,Taxes paid amount,"Table 2.1.  Returns with Itemized Deductions: Sources of Income,  Adjustments, Itemized Deductions by Type, Exemptions, and Tax Items, by Size of Adjusted Gross Income",BT
25,1,"Under $10,000",nret_id_taxpaid,n18300,c18300_nnz,645142.0,711390.0,66248.0,10.268747035536363,10.268747035536363,Number of returns with taxes paid deduction,Number of returns with taxes paid,"Table 2.1.  Returns with Itemized Deductions: Sources of Income,  Adjustments, Itemized Deductions by Type, Exemptions, and Tax Items, by Size of Adjusted Gross Income",BS
26,1,"Under $10,000",id_contributions,a19700,c19700,530878000.0,580465000.0,49587000.0,9.340564122077012,9.340564122077012,Contributions deduction,Total charitable contributions amount,"Table 2.1.  Returns with Itemized Deductions: Sources of Income,  Adjustments, Itemized Deductions by Type, Exemptions, and Tax Items, by Size of Adjusted Gross Income",CV
27,1,"Under $10,000",nret_id_contributions,n19700,c19700_nnz,423536.0,436050.0,12514.0,2.9546484832458164,2.9546484832458164,Number of returns with contributions deduction,Number of returns with Total charitable contributions,"Table 2.1.  Returns with Itemized Deductions: Sources of Income,  Adjustments, Itemized Deductions by Type, Exemptions, and Tax Items, by Size of Adjusted Gross Income",CU
28,1,"Under $10,000",wages,a00200,e00200,107376379000.0,108906218000.0,1529839000.0,1.4247444496149382,1.4247444496149382,Salaries and wages,Salaries and wages amount,"Table 1.4.  All Returns: Sources of Income, Adjustments, and Tax Items, by Size of Adjusted Gross Income",G
29,1,"Under $10,000",nret_wages,n00200,e00200_nnz,15768019.0,15666700.0,-101319.0,-0.6425601085336085,0.6425601085336085,Number of returns with salaries and wages,Number of returns with salaries and wages,"Table 1.4.  All Returns: Sources of Income, Adjustments, and Tax Items, by Size of Adjusted Gross Income",F
30,1,"Under $10,000",taxint,a00300,e00300,7064218000.0,7186499000.0,122281000.0,1.730991314254458,1.730991314254458,Taxable interest,Taxable interest amount,"Table 1.4.  All Returns: Sources of Income, Adjustments, and Tax Items, by Size of Adjusted Gross Income",I
31,1,"Under $10,000",nret_taxint,n00300,e00300_nnz,3451149.0,3482200.0,31051.0,0.8997293365195187,0.8997293365195187,Number of returns with taxable interest,Number of returns with taxable interest,"Table 1.4.  All Returns: Sources of Income, Adjustments, and Tax Items, by Size of Adjusted Gross Income",H
32,1,"Under $10,000",orddiv,a00600,e00600,7579593000.0,7518996000.0,-60597000.0,-0.7994756446685198,0.7994756446685198,Ordinary dividends,Ordinary dividends amount,"Table 1.4.  All Returns: Sources of Income, Adjustments, and Tax Items, by Size of Adjusted Gross Income",M
33,1,"Under $10,000",nret_orddiv,n00600,e00600_nnz,2179321.0,2199270.0,19949.0,0.9153768536163329,0.9153768536163329,Number of returns with ordinary dividends,Number of returns with ordinary dividends ,"Table 1.4.  All Returns: Sources of Income, Adjustments, and Tax Items, by Size of Adjusted Gross Income",L
34,1,"Under $10,000",nret_single,mars1,mars1,17978833.0,18051680.0,72847.0,0.4051820271093235,0.4051820271093235,Number of returns of single persons,Number of single returns,"Table 1.2.  All Returns: Adjusted Gross Income, Deductions, and Tax Items, by Size of Adjusted Gross Income and by Marital Status",BB
35,1,"Under $10,000",nret_mfjss,mars2,mars2,2345217.0,2291700.0,-53517.0,-2.28196367329761,2.28196367329761,Number of returns of married persons filing jointly and returns of surviving spouses,Number of joint returns,"Table 1.2.  All Returns: Adjusted Gross Income, Deductions, and Tax Items, by Size of Adjusted Gross Income and by Marital Status",O
36,1,"Under $10,000",nret_hoh,mars4,mars4,1901445.0,1852250.0,-49195.0,-2.5872428600353943,2.5872428600353943,Number of returns of heads of households,Number of head of household returns,"Table 1.2.  All Returns: Adjusted Gross Income, Deductions, and Tax Items, by Size of Adjusted Gross Income and by Marital Status",AO
37,1,"Under $10,000",nret_all,n1,nret_all,22571985.0,22570830.0,-1155.0,-0.0051169624647544295,0.0051169624647544295,Number of returns,Number of returns,"Table 1.1.  All Returns: Selected Income and Tax Items, by Size and Accumulated Size of Adjusted Gross Income",B
38,2,"$10,000 under $25,000",agi,a00100,c00100,555317088000.0,547983849000.0,-7333239000.0,-1.3205498549326111,1.3205498549326111,Adjusted gross income less deficit,Adjust gross income (AGI) [4],"Table 1.1.  All Returns: Selected Income and Tax Items, by Size and Accumulated Size of Adjusted Gross Income",D
39,2,"$10,000 under $25,000",socsectaxable,a02500,c02500,4489367000.0,4277728000.0,-211639000.0,-4.714228086053112,4.714228086053112,Taxable Social Security benefits,Taxable Social Security benefits amount,"Table 1.4.  All Returns: Sources of Income, Adjustments, and Tax Items, by Size of Adjusted Gross Income",BU
40,2,"$10,000 under $25,000",nret_socsectaxable,n02500,c02500_nnz,2392077.0,2289090.0,-102987.0,-4.305337997062804,4.305337997062804,Number of returns with taxable Social Security benefits,Number of returns with taxable Social Security benefits,"Table 1.4.  All Returns: Sources of Income, Adjustments, and Tax Items, by Size of Adjusted Gross Income",BT
41,2,"$10,000 under $25,000",id_medical_capped,a17000,c17000,13106961000.0,12652657000.0,-454304000.0,-3.466127655373355,3.466127655373355,"Total medical expenses, capped",Total medical and dental expense deduction amount,"Table 2.1.  Returns with Itemized Deductions: Sources of Income,  Adjustments, Itemized Deductions by Type, Exemptions, and Tax Items, by Size of Adjusted Gross Income",BN
42,2,"$10,000 under $25,000",nret_id_medical_capped,n17000,c17000_nnz,1412596.0,1409740.0,-2856.0,-0.20218094911779444,0.20218094911779444,"Number of returns with total medical expenses, capped",Number of returns with Total medical and dental expense deduction,"Table 2.1.  Returns with Itemized Deductions: Sources of Income,  Adjustments, Itemized Deductions by Type, Exemptions, and Tax Items, by Size of Adjusted Gross Income",BM
43,2,"$10,000 under $25,000",id_taxpaid,a18300,c18300,8003419000.0,8278568000.0,275149000.0,3.437893230380666,3.437893230380666,Taxes paid deduction,Taxes paid amount,"Table 2.1.  Returns with Itemized Deductions: Sources of Income,  Adjustments, Itemized Deductions by Type, Exemptions, and Tax Items, by Size of Adjusted Gross Income",BT
44,2,"$10,000 under $25,000",nret_id_taxpaid,n18300,c18300_nnz,2251955.0,2292590.0,40635.0,1.804432148955019,1.804432148955019,Number of returns with taxes paid deduction,Number of returns with taxes paid,"Table 2.1.  Returns with Itemized Deductions: Sources of Income,  Adjustments, Itemized Deductions by Type, Exemptions, and Tax Items, by Size of Adjusted Gross Income",BS
45,2,"$10,000 under $25,000",id_contributions,a19700,c19700,3471469000.0,3679356000.0,207887000.0,5.988444661323491,5.988444661323491,Contributions deduction,Total charitable contributions amount,"Table 2.1.  Returns with Itemized Deductions: Sources of Income,  Adjustments, Itemized Deductions by Type, Exemptions, and Tax Items, by Size of Adjusted Gross Income",CV
46,2,"$10,000 under $25,000",nret_id_contributions,n19700,c19700_nnz,1540756.0,1582640.0,41884.0,2.718405769635166,2.718405769635166,Number of returns with contributions deduction,Number of returns with Total charitable contributions,"Table 2.1.  Returns with Itemized Deductions: Sources of Income,  Adjustments, Itemized Deductions by Type, Exemptions, and Tax Items, by Size of Adjusted Gross Income",CU
47,2,"$10,000 under $25,000",wages,a00200,e00200,430220670000.0,424335720000.0,-5884950000.0,-1.3678910406605986,1.3678910406605986,Salaries and wages,Salaries and wages amount,"Table 1.4.  All Returns: Sources of Income, Adjustments, and Tax Items, by Size of Adjusted Gross Income",G
48,2,"$10,000 under $25,000",nret_wages,n00200,e00200_nnz,25579410.0,25303440.0,-275970.0,-1.0788755487323594,1.0788755487323594,Number of returns with salaries and wages,Number of returns with salaries and wages,"Table 1.4.  All Returns: Sources of Income, Adjustments, and Tax Items, by Size of Adjusted Gross Income",F
49,2,"$10,000 under $25,000",taxint,a00300,e00300,2955833000.0,3052150000.0,96317000.0,3.2585399784087934,3.2585399784087934,Taxable interest,Taxable interest amount,"Table 1.4.  All Returns: Sources of Income, Adjustments, and Tax Items, by Size of Adjusted Gross Income",I
50,2,"$10,000 under $25,000",nret_taxint,n00300,e00300_nnz,4252491.0,4279110.0,26619.0,0.6259625240829434,0.6259625240829434,Number of returns with taxable interest,Number of returns with taxable interest,"Table 1.4.  All Returns: Sources of Income, Adjustments, and Tax Items, by Size of Adjusted Gross Income",H
51,2,"$10,000 under $25,000",orddiv,a00600,e00600,5568311000.0,5406675000.0,-161636000.0,-2.902783267673088,2.902783267673088,Ordinary dividends,Ordinary dividends amount,"Table 1.4.  All Returns: Sources of Income, Adjustments, and Tax Items, by Size of Adjusted Gross Income",M
52,2,"$10,000 under $25,000",nret_orddiv,n00600,e00600_nnz,2445357.0,2435440.0,-9917.0,-0.40554405757523343,0.40554405757523343,Number of returns with ordinary dividends,Number of returns with ordinary dividends ,"Table 1.4.  All Returns: Sources of Income, Adjustments, and Tax Items, by Size of Adjusted Gross Income",L
53,2,"$10,000 under $25,000",nret_single,mars1,mars1,19403285.0,19239930.0,-163355.0,-0.8418935247304773,0.8418935247304773,Number of returns of single persons,Number of single returns,"Table 1.2.  All Returns: Adjusted Gross Income, Deductions, and Tax Items, by Size of Adjusted Gross Income and by Marital Status",BB
54,2,"$10,000 under $25,000",nret_mfjss,mars2,mars2,4640454.0,4596810.0,-43644.0,-0.9405114240977284,0.9405114240977284,Number of returns of married persons filing jointly and returns of surviving spouses,Number of joint returns,"Table 1.2.  All Returns: Adjusted Gross Income, Deductions, and Tax Items, by Size of Adjusted Gross Income and by Marital Status",O
55,2,"$10,000 under $25,000",nret_hoh,mars4,mars4,7673726.0,7483940.0,-189786.0,-2.473192292766252,2.473192292766252,Number of returns of heads of households,Number of head of household returns,"Table 1.2.  All Returns: Adjusted Gross Income, Deductions, and Tax Items, by Size of Adjusted Gross Income and by Marital Status",AO
56,2,"$10,000 under $25,000",nret_all,n1,nret_all,32243736.0,31868260.0,-375476.0,-1.164492849091681,1.164492849091681,Number of returns,Number of returns,"Table 1.1.  All Returns: Selected Income and Tax Items, by Size and Accumulated Size of Adjusted Gross Income",B
57,3,"$25,000 under $50,000",agi,a00100,c00100,1305418616000.0,1309476019000.0,4057403000.0,0.3108124053288359,0.3108124053288359,Adjusted gross income less deficit,Adjust gross income (AGI) [4],"Table 1.1.  All Returns: Selected Income and Tax Items, by Size and Accumulated Size of Adjusted Gross Income",D
58,3,"$25,000 under $50,000",socsectaxable,a02500,c02500,36183157000.0,36912206000.0,729049000.0,2.014884991931467,2.014884991931467,Taxable Social Security benefits,Taxable Social Security benefits amount,"Table 1.4.  All Returns: Sources of Income, Adjustments, and Tax Items, by Size of Adjusted Gross Income",BU
59,3,"$25,000 under $50,000",nret_socsectaxable,n02500,c02500_nnz,5281289.0,5365980.0,84691.0,1.6036047260432067,1.6036047260432067,Number of returns with taxable Social Security benefits,Number of returns with taxable Social Security benefits,"Table 1.4.  All Returns: Sources of Income, Adjustments, and Tax Items, by Size of Adjusted Gross Income",BT
60,3,"$25,000 under $50,000",id_medical_capped,a17000,c17000,21396504000.0,22255369000.0,858865000.0,4.014043602637141,4.014043602637141,"Total medical expenses, capped",Total medical and dental expense deduction amount,"Table 2.1.  Returns with Itemized Deductions: Sources of Income,  Adjustments, Itemized Deductions by Type, Exemptions, and Tax Items, by Size of Adjusted Gross Income",BN
61,3,"$25,000 under $50,000",nret_id_medical_capped,n17000,c17000_nnz,2483596.0,2565880.0,82284.0,3.3130992319201678,3.3130992319201678,"Number of returns with total medical expenses, capped",Number of returns with Total medical and dental expense deduction,"Table 2.1.  Returns with Itemized Deductions: Sources of Income,  Adjustments, Itemized Deductions by Type, Exemptions, and Tax Items, by Size of Adjusted Gross Income",BM
62,3,"$25,000 under $50,000",id_taxpaid,a18300,c18300,27163356000.0,27597788000.0,434432000.0,1.5993310988524394,1.5993310988524394,Taxes paid deduction,Taxes paid amount,"Table 2.1.  Returns with Itemized Deductions: Sources of Income,  Adjustments, Itemized Deductions by Type, Exemptions, and Tax Items, by Size of Adjusted Gross Income",BT
63,3,"$25,000 under $50,000",nret_id_taxpaid,n18300,c18300_nnz,6451023.0,6596580.0,145557.0,2.2563398084303836,2.2563398084303836,Number of returns with taxes paid deduction,Number of returns with taxes paid,"Table 2.1.  Returns with Itemized Deductions: Sources of Income,  Adjustments, Itemized Deductions by Type, Exemptions, and Tax Items, by Size of Adjusted Gross Income",BS
64,3,"$25,000 under $50,000",id_contributions,a19700,c19700,13541508000.0,13894399000.0,352891000.0,2.6059948419334096,2.6059948419334096,Contributions deduction,Total charitable contributions amount,"Table 2.1.  Returns with Itemized Deductions: Sources of Income,  Adjustments, Itemized Deductions by Type, Exemptions, and Tax Items, by Size of Adjusted Gross Income",CV
65,3,"$25,000 under $50,000",nret_id_contributions,n19700,c19700_nnz,4748460.0,4833560.0,85100.0,1.792159984500238,1.792159984500238,Number of returns with contributions deduction,Number of returns with Total charitable contributions,"Table 2.1.  Returns with Itemized Deductions: Sources of Income,  Adjustments, Itemized Deductions by Type, Exemptions, and Tax Items, by Size of Adjusted Gross Income",CU
66,3,"$25,000 under $50,000",wages,a00200,e00200,1078848319000.0,1080871317000.0,2022998000.0,0.18751458980583535,0.18751458980583535,Salaries and wages,Salaries and wages amount,"Table 1.4.  All Returns: Sources of Income, Adjustments, and Tax Items, by Size of Adjusted Gross Income",G
67,3,"$25,000 under $50,000",nret_wages,n00200,e00200_nnz,31197290.0,31305470.0,108180.0,0.3467608885258944,0.3467608885258944,Number of returns with salaries and wages,Number of returns with salaries and wages,"Table 1.4.  All Returns: Sources of Income, Adjustments, and Tax Items, by Size of Adjusted Gross Income",F
68,3,"$25,000 under $50,000",taxint,a00300,e00300,4619682000.0,4959013000.0,339331000.0,7.345332427643288,7.345332427643288,Taxable interest,Taxable interest amount,"Table 1.4.  All Returns: Sources of Income, Adjustments, and Tax Items, by Size of Adjusted Gross Income",I
69,3,"$25,000 under $50,000",nret_taxint,n00300,e00300_nnz,6750896.0,6725990.0,-24906.0,-0.3689288058948027,0.3689288058948027,Number of returns with taxable interest,Number of returns with taxable interest,"Table 1.4.  All Returns: Sources of Income, Adjustments, and Tax Items, by Size of Adjusted Gross Income",H
70,3,"$25,000 under $50,000",orddiv,a00600,e00600,9934285000.0,10053383000.0,119098000.0,1.1988582973007116,1.1988582973007116,Ordinary dividends,Ordinary dividends amount,"Table 1.4.  All Returns: Sources of Income, Adjustments, and Tax Items, by Size of Adjusted Gross Income",M
71,3,"$25,000 under $50,000",nret_orddiv,n00600,e00600_nnz,3692815.0,3718750.0,25935.0,0.7023097555658759,0.7023097555658759,Number of returns with ordinary dividends,Number of returns with ordinary dividends ,"Table 1.4.  All Returns: Sources of Income, Adjustments, and Tax Items, by Size of Adjusted Gross Income",L
72,3,"$25,000 under $50,000",nret_single,mars1,mars1,18958021.0,18904730.0,-53291.0,-0.28110001566091736,0.28110001566091736,Number of returns of single persons,Number of single returns,"Table 1.2.  All Returns: Adjusted Gross Income, Deductions, and Tax Items, by Size of Adjusted Gross Income and by Marital Status",BB
73,3,"$25,000 under $50,000",nret_mfjss,mars2,mars2,8486906.0,8626460.0,139554.0,1.6443448295527252,1.6443448295527252,Number of returns of married persons filing jointly and returns of surviving spouses,Number of joint returns,"Table 1.2.  All Returns: Adjusted Gross Income, Deductions, and Tax Items, by Size of Adjusted Gross Income and by Marital Status",O
74,3,"$25,000 under $50,000",nret_hoh,mars4,mars4,7429281.0,7469230.0,39949.0,0.5377236370518224,0.5377236370518224,Number of returns of heads of households,Number of head of household returns,"Table 1.2.  All Returns: Adjusted Gross Income, Deductions, and Tax Items, by Size of Adjusted Gross Income and by Marital Status",AO
75,3,"$25,000 under $50,000",nret_all,n1,nret_all,35949156.0,36092270.0,143114.0,0.3981011403995131,0.3981011403995131,Number of returns,Number of returns,"Table 1.1.  All Returns: Selected Income and Tax Items, by Size and Accumulated Size of Adjusted Gross Income",B
76,4,"$50,000 under $75,000",agi,a00100,c00100,1286848073000.0,1281367153000.0,-5480920000.0,-0.42591818840140583,0.42591818840140583,Adjusted gross income less deficit,Adjust gross income (AGI) [4],"Table 1.1.  All Returns: Selected Income and Tax Items, by Size and Accumulated Size of Adjusted Gross Income",D
77,4,"$50,000 under $75,000",socsectaxable,a02500,c02500,65701381000.0,64622449000.0,-1078932000.0,-1.6421755274824437,1.6421755274824437,Taxable Social Security benefits,Taxable Social Security benefits amount,"Table 1.4.  All Returns: Sources of Income, Adjustments, and Tax Items, by Size of Adjusted Gross Income",BU
78,4,"$50,000 under $75,000",nret_socsectaxable,n02500,c02500_nnz,4322960.0,4251650.0,-71310.0,-1.6495641875011564,1.6495641875011564,Number of returns with taxable Social Security benefits,Number of returns with taxable Social Security benefits,"Table 1.4.  All Returns: Sources of Income, Adjustments, and Tax Items, by Size of Adjusted Gross Income",BT
79,4,"$50,000 under $75,000",id_medical_capped,a17000,c17000,20123676000.0,19835293000.0,-288383000.0,-1.4330532850956257,1.4330532850956257,"Total medical expenses, capped",Total medical and dental expense deduction amount,"Table 2.1.  Returns with Itemized Deductions: Sources of Income,  Adjustments, Itemized Deductions by Type, Exemptions, and Tax Items, by Size of Adjusted Gross Income",BN
80,4,"$50,000 under $75,000",nret_id_medical_capped,n17000,c17000_nnz,2172724.0,2110520.0,-62204.0,-2.862949919087744,2.862949919087744,"Number of returns with total medical expenses, capped",Number of returns with Total medical and dental expense deduction,"Table 2.1.  Returns with Itemized Deductions: Sources of Income,  Adjustments, Itemized Deductions by Type, Exemptions, and Tax Items, by Size of Adjusted Gross Income",BM
81,4,"$50,000 under $75,000",id_taxpaid,a18300,c18300,43745198000.0,44213285000.0,468087000.0,1.070030589414637,1.070030589414637,Taxes paid deduction,Taxes paid amount,"Table 2.1.  Returns with Itemized Deductions: Sources of Income,  Adjustments, Itemized Deductions by Type, Exemptions, and Tax Items, by Size of Adjusted Gross Income",BT
82,4,"$50,000 under $75,000",nret_id_taxpaid,n18300,c18300_nnz,7676815.0,7758980.0,82165.0,1.070300639001982,1.070300639001982,Number of returns with taxes paid deduction,Number of returns with taxes paid,"Table 2.1.  Returns with Itemized Deductions: Sources of Income,  Adjustments, Itemized Deductions by Type, Exemptions, and Tax Items, by Size of Adjusted Gross Income",BS
83,4,"$50,000 under $75,000",id_contributions,a19700,c19700,19356092000.0,19247451000.0,-108641000.0,-0.5612754888745104,0.5612754888745104,Contributions deduction,Total charitable contributions amount,"Table 2.1.  Returns with Itemized Deductions: Sources of Income,  Adjustments, Itemized Deductions by Type, Exemptions, and Tax Items, by Size of Adjusted Gross Income",CV
84,4,"$50,000 under $75,000",nret_id_contributions,n19700,c19700_nnz,6000705.0,5979060.0,-21645.0,-0.3607076168550195,0.3607076168550195,Number of returns with contributions deduction,Number of returns with Total charitable contributions,"Table 2.1.  Returns with Itemized Deductions: Sources of Income,  Adjustments, Itemized Deductions by Type, Exemptions, and Tax Items, by Size of Adjusted Gross Income",CU
85,4,"$50,000 under $75,000",wages,a00200,e00200,1000500360000.0,995474843000.0,-5025517000.0,-0.5023003689873734,0.5023003689873734,Salaries and wages,Salaries and wages amount,"Table 1.4.  All Returns: Sources of Income, Adjustments, and Tax Items, by Size of Adjusted Gross Income",G
86,4,"$50,000 under $75,000",nret_wages,n00200,e00200_nnz,17936912.0,17850960.0,-85952.0,-0.47919062099429377,0.47919062099429377,Number of returns with salaries and wages,Number of returns with salaries and wages,"Table 1.4.  All Returns: Sources of Income, Adjustments, and Tax Items, by Size of Adjusted Gross Income",F
87,4,"$50,000 under $75,000",taxint,a00300,e00300,5574683000.0,5586064000.0,11381000.0,0.20415510621859573,0.20415510621859573,Taxable interest,Taxable interest amount,"Table 1.4.  All Returns: Sources of Income, Adjustments, and Tax Items, by Size of Adjusted Gross Income",I
88,4,"$50,000 under $75,000",nret_taxint,n00300,e00300_nnz,6608661.0,6590720.0,-17941.0,-0.27147708136338056,0.27147708136338056,Number of returns with taxable interest,Number of returns with taxable interest,"Table 1.4.  All Returns: Sources of Income, Adjustments, and Tax Items, by Size of Adjusted Gross Income",H
89,4,"$50,000 under $75,000",orddiv,a00600,e00600,13168278000.0,13250838000.0,82560000.0,0.6269612473248211,0.6269612473248211,Ordinary dividends,Ordinary dividends amount,"Table 1.4.  All Returns: Sources of Income, Adjustments, and Tax Items, by Size of Adjusted Gross Income",M
90,4,"$50,000 under $75,000",nret_orddiv,n00600,e00600_nnz,3812081.0,3793880.0,-18201.0,-0.4774557518583682,0.4774557518583682,Number of returns with ordinary dividends,Number of returns with ordinary dividends ,"Table 1.4.  All Returns: Sources of Income, Adjustments, and Tax Items, by Size of Adjusted Gross Income",L
91,4,"$50,000 under $75,000",nret_single,mars1,mars1,8817515.0,8772260.0,-45255.0,-0.513239841383882,0.513239841383882,Number of returns of single persons,Number of single returns,"Table 1.2.  All Returns: Adjusted Gross Income, Deductions, and Tax Items, by Size of Adjusted Gross Income and by Marital Status",BB
92,4,"$50,000 under $75,000",nret_mfjss,mars2,mars2,8786118.0,8755380.0,-30738.0,-0.34984733872228896,0.34984733872228896,Number of returns of married persons filing jointly and returns of surviving spouses,Number of joint returns,"Table 1.2.  All Returns: Adjusted Gross Income, Deductions, and Tax Items, by Size of Adjusted Gross Income and by Marital Status",O
93,4,"$50,000 under $75,000",nret_hoh,mars4,mars4,2719352.0,2664080.0,-55272.0,-2.032543047020025,2.032543047020025,Number of returns of heads of households,Number of head of household returns,"Table 1.2.  All Returns: Adjusted Gross Income, Deductions, and Tax Items, by Size of Adjusted Gross Income and by Marital Status",AO
94,4,"$50,000 under $75,000",nret_all,n1,nret_all,20958446.0,20843440.0,-115006.0,-0.5487334318584498,0.5487334318584498,Number of returns,Number of returns,"Table 1.1.  All Returns: Selected Income and Tax Items, by Size and Accumulated Size of Adjusted Gross Income",B
95,5,"$75,000 under $100,000",agi,a00100,c00100,1170354458000.0,1166938390000.0,-3416068000.0,-0.29188319629573284,0.29188319629573284,Adjusted gross income less deficit,Adjust gross income (AGI) [4],"Table 1.1.  All Returns: Selected Income and Tax Items, by Size and Accumulated Size of Adjusted Gross Income",D
96,5,"$75,000 under $100,000",socsectaxable,a02500,c02500,64116496000.0,62844721000.0,-1271775000.0,-1.9835379026327329,1.9835379026327329,Taxable Social Security benefits,Taxable Social Security benefits amount,"Table 1.4.  All Returns: Sources of Income, Adjustments, and Tax Items, by Size of Adjusted Gross Income",BU
97,5,"$75,000 under $100,000",nret_socsectaxable,n02500,c02500_nnz,3213007.0,3134510.0,-78497.0,-2.4431008086817116,2.4431008086817116,Number of returns with taxable Social Security benefits,Number of returns with taxable Social Security benefits,"Table 1.4.  All Returns: Sources of Income, Adjustments, and Tax Items, by Size of Adjusted Gross Income",BT
98,5,"$75,000 under $100,000",id_medical_capped,a17000,c17000,15143374000.0,14656853000.0,-486521000.0,-3.2127648699688724,3.2127648699688724,"Total medical expenses, capped",Total medical and dental expense deduction amount,"Table 2.1.  Returns with Itemized Deductions: Sources of Income,  Adjustments, Itemized Deductions by Type, Exemptions, and Tax Items, by Size of Adjusted Gross Income",BN
99,5,"$75,000 under $100,000",nret_id_medical_capped,n17000,c17000_nnz,1490416.0,1444020.0,-46396.0,-3.1129563826475293,3.1129563826475293,"Number of returns with total medical expenses, capped",Number of returns with Total medical and dental expense deduction,"Table 2.1.  Returns with Itemized Deductions: Sources of Income,  Adjustments, Itemized Deductions by Type, Exemptions, and Tax Items, by Size of Adjusted Gross Income",BM
100,5,"$75,000 under $100,000",id_taxpaid,a18300,c18300,53779029000.0,52683999000.0,-1095030000.0,-2.036165435415355,2.036165435415355,Taxes paid deduction,Taxes paid amount,"Table 2.1.  Returns with Itemized Deductions: Sources of Income,  Adjustments, Itemized Deductions by Type, Exemptions, and Tax Items, by Size of Adjusted Gross Income",BT
101,5,"$75,000 under $100,000",nret_id_taxpaid,n18300,c18300_nnz,7122807.0,7038130.0,-84677.0,-1.1888150275586575,1.1888150275586575,Number of returns with taxes paid deduction,Number of returns with taxes paid,"Table 2.1.  Returns with Itemized Deductions: Sources of Income,  Adjustments, Itemized Deductions by Type, Exemptions, and Tax Items, by Size of Adjusted Gross Income",BS
102,5,"$75,000 under $100,000",id_contributions,a19700,c19700,21105908000.0,20579896000.0,-526012000.0,-2.4922500372881373,2.4922500372881373,Contributions deduction,Total charitable contributions amount,"Table 2.1.  Returns with Itemized Deductions: Sources of Income,  Adjustments, Itemized Deductions by Type, Exemptions, and Tax Items, by Size of Adjusted Gross Income",CV
103,5,"$75,000 under $100,000",nret_id_contributions,n19700,c19700_nnz,5729229.0,5689770.0,-39459.0,-0.6887314156931064,0.6887314156931064,Number of returns with contributions deduction,Number of returns with Total charitable contributions,"Table 2.1.  Returns with Itemized Deductions: Sources of Income,  Adjustments, Itemized Deductions by Type, Exemptions, and Tax Items, by Size of Adjusted Gross Income",CU
104,5,"$75,000 under $100,000",wages,a00200,e00200,870406373000.0,874565320000.0,4158947000.0,0.4778166990741921,0.4778166990741921,Salaries and wages,Salaries and wages amount,"Table 1.4.  All Returns: Sources of Income, Adjustments, and Tax Items, by Size of Adjusted Gross Income",G
105,5,"$75,000 under $100,000",nret_wages,n00200,e00200_nnz,11528881.0,11527400.0,-1481.0,-0.012845999538029753,0.012845999538029753,Number of returns with salaries and wages,Number of returns with salaries and wages,"Table 1.4.  All Returns: Sources of Income, Adjustments, and Tax Items, by Size of Adjusted Gross Income",F
106,5,"$75,000 under $100,000",taxint,a00300,e00300,5046194000.0,5576822000.0,530628000.0,10.515410227985686,10.515410227985686,Taxable interest,Taxable interest amount,"Table 1.4.  All Returns: Sources of Income, Adjustments, and Tax Items, by Size of Adjusted Gross Income",I
107,5,"$75,000 under $100,000",nret_taxint,n00300,e00300_nnz,5854757.0,5709790.0,-144967.0,-2.4760549413067015,2.4760549413067015,Number of returns with taxable interest,Number of returns with taxable interest,"Table 1.4.  All Returns: Sources of Income, Adjustments, and Tax Items, by Size of Adjusted Gross Income",H
108,5,"$75,000 under $100,000",orddiv,a00600,e00600,15424556000.0,14527592000.0,-896964000.0,-5.81516900713382,5.81516900713382,Ordinary dividends,Ordinary dividends amount,"Table 1.4.  All Returns: Sources of Income, Adjustments, and Tax Items, by Size of Adjusted Gross Income",M
109,5,"$75,000 under $100,000",nret_orddiv,n00600,e00600_nnz,3510707.0,3449140.0,-61567.0,-1.7536923474388493,1.7536923474388493,Number of returns with ordinary dividends,Number of returns with ordinary dividends ,"Table 1.4.  All Returns: Sources of Income, Adjustments, and Tax Items, by Size of Adjusted Gross Income",L
110,5,"$75,000 under $100,000",nret_single,mars1,mars1,3751264.0,3729370.0,-21894.0,-0.5836432733073439,0.5836432733073439,Number of returns of single persons,Number of single returns,"Table 1.2.  All Returns: Adjusted Gross Income, Deductions, and Tax Items, by Size of Adjusted Gross Income and by Marital Status",BB
111,5,"$75,000 under $100,000",nret_mfjss,mars2,mars2,8396454.0,8372960.0,-23494.0,-0.27980859539038744,0.27980859539038744,Number of returns of married persons filing jointly and returns of surviving spouses,Number of joint returns,"Table 1.2.  All Returns: Adjusted Gross Income, Deductions, and Tax Items, by Size of Adjusted Gross Income and by Marital Status",O
112,5,"$75,000 under $100,000",nret_hoh,mars4,mars4,1075043.0,1066710.0,-8333.0,-0.7751317854262574,0.7751317854262574,Number of returns of heads of households,Number of head of household returns,"Table 1.2.  All Returns: Adjusted Gross Income, Deductions, and Tax Items, by Size of Adjusted Gross Income and by Marital Status",AO
113,5,"$75,000 under $100,000",nret_all,n1,nret_all,13508353.0,13465530.0,-42823.0,-0.3170112596258034,0.3170112596258034,Number of returns,Number of returns,"Table 1.1.  All Returns: Selected Income and Tax Items, by Size and Accumulated Size of Adjusted Gross Income",B
114,6,"$100,000 under $200,000",agi,a00100,c00100,2707840958000.0,2701132620000.0,-6708338000.0,-0.2477375187113925,0.2477375187113925,Adjusted gross income less deficit,Adjust gross income (AGI) [4],"Table 1.1.  All Returns: Selected Income and Tax Items, by Size and Accumulated Size of Adjusted Gross Income",D
115,6,"$100,000 under $200,000",socsectaxable,a02500,c02500,99970116000.0,100696591000.0,726475000.0,0.7266921646864949,0.7266921646864949,Taxable Social Security benefits,Taxable Social Security benefits amount,"Table 1.4.  All Returns: Sources of Income, Adjustments, and Tax Items, by Size of Adjusted Gross Income",BU
116,6,"$100,000 under $200,000",nret_socsectaxable,n02500,c02500_nnz,4234224.0,4257310.0,23086.0,0.5452238710091861,0.5452238710091861,Number of returns with taxable Social Security benefits,Number of returns with taxable Social Security benefits,"Table 1.4.  All Returns: Sources of Income, Adjustments, and Tax Items, by Size of Adjusted Gross Income",BT
117,6,"$100,000 under $200,000",id_medical_capped,a17000,c17000,20972018000.0,20826475000.0,-145543000.0,-0.6939866254167816,0.6939866254167816,"Total medical expenses, capped",Total medical and dental expense deduction amount,"Table 2.1.  Returns with Itemized Deductions: Sources of Income,  Adjustments, Itemized Deductions by Type, Exemptions, and Tax Items, by Size of Adjusted Gross Income",BN
118,6,"$100,000 under $200,000",nret_id_medical_capped,n17000,c17000_nnz,1821297.0,1746880.0,-74417.0,-4.085934364356829,4.085934364356829,"Number of returns with total medical expenses, capped",Number of returns with Total medical and dental expense deduction,"Table 2.1.  Returns with Itemized Deductions: Sources of Income,  Adjustments, Itemized Deductions by Type, Exemptions, and Tax Items, by Size of Adjusted Gross Income",BM
119,6,"$100,000 under $200,000",id_taxpaid,a18300,c18300,173508491000.0,171406986000.0,-2101505000.0,-1.211182800269988,1.211182800269988,Taxes paid deduction,Taxes paid amount,"Table 2.1.  Returns with Itemized Deductions: Sources of Income,  Adjustments, Itemized Deductions by Type, Exemptions, and Tax Items, by Size of Adjusted Gross Income",BT
120,6,"$100,000 under $200,000",nret_id_taxpaid,n18300,c18300_nnz,15093063.0,14989120.0,-103943.0,-0.6886806210243739,0.6886806210243739,Number of returns with taxes paid deduction,Number of returns with taxes paid,"Table 2.1.  Returns with Itemized Deductions: Sources of Income,  Adjustments, Itemized Deductions by Type, Exemptions, and Tax Items, by Size of Adjusted Gross Income",BS
121,6,"$100,000 under $200,000",id_contributions,a19700,c19700,57104129000.0,56563550000.0,-540579000.0,-0.94665483821669,0.94665483821669,Contributions deduction,Total charitable contributions amount,"Table 2.1.  Returns with Itemized Deductions: Sources of Income,  Adjustments, Itemized Deductions by Type, Exemptions, and Tax Items, by Size of Adjusted Gross Income",CV
122,6,"$100,000 under $200,000",nret_id_contributions,n19700,c19700_nnz,12971310.0,12881990.0,-89320.0,-0.6885966028103561,0.6885966028103561,Number of returns with contributions deduction,Number of returns with Total charitable contributions,"Table 2.1.  Returns with Itemized Deductions: Sources of Income,  Adjustments, Itemized Deductions by Type, Exemptions, and Tax Items, by Size of Adjusted Gross Income",CU
123,6,"$100,000 under $200,000",wages,a00200,e00200,2015029480000.0,2005665280000.0,-9364200000.0,-0.4647177668090493,0.4647177668090493,Salaries and wages,Salaries and wages amount,"Table 1.4.  All Returns: Sources of Income, Adjustments, and Tax Items, by Size of Adjusted Gross Income",G
124,6,"$100,000 under $200,000",nret_wages,n00200,e00200_nnz,17460941.0,17402560.0,-58381.0,-0.3343519687741915,0.3343519687741915,Number of returns with salaries and wages,Number of returns with salaries and wages,"Table 1.4.  All Returns: Sources of Income, Adjustments, and Tax Items, by Size of Adjusted Gross Income",F
125,6,"$100,000 under $200,000",taxint,a00300,e00300,14295833000.0,14475461000.0,179628000.0,1.2565060042321423,1.2565060042321423,Taxable interest,Taxable interest amount,"Table 1.4.  All Returns: Sources of Income, Adjustments, and Tax Items, by Size of Adjusted Gross Income",I
126,6,"$100,000 under $200,000",nret_taxint,n00300,e00300_nnz,11121958.0,11085330.0,-36628.0,-0.32933050097833494,0.32933050097833494,Number of returns with taxable interest,Number of returns with taxable interest,"Table 1.4.  All Returns: Sources of Income, Adjustments, and Tax Items, by Size of Adjusted Gross Income",H
127,6,"$100,000 under $200,000",orddiv,a00600,e00600,46748395000.0,45480866000.0,-1267529000.0,-2.7113850646637174,2.7113850646637174,Ordinary dividends,Ordinary dividends amount,"Table 1.4.  All Returns: Sources of Income, Adjustments, and Tax Items, by Size of Adjusted Gross Income",M
128,6,"$100,000 under $200,000",nret_orddiv,n00600,e00600_nnz,7416984.0,7470850.0,53866.0,0.7262520722708854,0.7262520722708854,Number of returns with ordinary dividends,Number of returns with ordinary dividends ,"Table 1.4.  All Returns: Sources of Income, Adjustments, and Tax Items, by Size of Adjusted Gross Income",L
129,6,"$100,000 under $200,000",nret_single,mars1,mars1,3243701.0,3263730.0,20029.0,0.6174736820687233,0.6174736820687233,Number of returns of single persons,Number of single returns,"Table 1.2.  All Returns: Adjusted Gross Income, Deductions, and Tax Items, by Size of Adjusted Gross Income and by Marital Status",BB
130,6,"$100,000 under $200,000",nret_mfjss,mars2,mars2,15538630.0,15526220.0,-12410.0,-0.0798654707654407,0.0798654707654407,Number of returns of married persons filing jointly and returns of surviving spouses,Number of joint returns,"Table 1.2.  All Returns: Adjusted Gross Income, Deductions, and Tax Items, by Size of Adjusted Gross Income and by Marital Status",O
131,6,"$100,000 under $200,000",nret_hoh,mars4,mars4,897273.0,848900.0,-48373.0,-5.391112849712407,5.391112849712407,Number of returns of heads of households,Number of head of household returns,"Table 1.2.  All Returns: Adjusted Gross Income, Deductions, and Tax Items, by Size of Adjusted Gross Income and by Marital Status",AO
132,6,"$100,000 under $200,000",nret_all,n1,nret_all,19951450.0,19896460.0,-54990.0,-0.2756190652809696,0.2756190652809696,Number of returns,Number of returns,"Table 1.1.  All Returns: Selected Income and Tax Items, by Size and Accumulated Size of Adjusted Gross Income",B
133,7,"$200,000 under $500,000",agi,a00100,c00100,1770815570000.0,1778786987000.0,7971417000.0,0.45015512259133794,0.45015512259133794,Adjusted gross income less deficit,Adjust gross income (AGI) [4],"Table 1.1.  All Returns: Selected Income and Tax Items, by Size and Accumulated Size of Adjusted Gross Income",D
134,7,"$200,000 under $500,000",socsectaxable,a02500,c02500,30785150000.0,30876514000.0,91364000.0,0.2967794537301264,0.2967794537301264,Taxable Social Security benefits,Taxable Social Security benefits amount,"Table 1.4.  All Returns: Sources of Income, Adjustments, and Tax Items, by Size of Adjusted Gross Income",BU
135,7,"$200,000 under $500,000",nret_socsectaxable,n02500,c02500_nnz,1146531.0,1144140.0,-2391.0,-0.2085421153025954,0.2085421153025954,Number of returns with taxable Social Security benefits,Number of returns with taxable Social Security benefits,"Table 1.4.  All Returns: Sources of Income, Adjustments, and Tax Items, by Size of Adjusted Gross Income",BT
136,7,"$200,000 under $500,000",id_medical_capped,a17000,c17000,6097123000.0,5828704000.0,-268419000.0,-4.402387814711955,4.402387814711955,"Total medical expenses, capped",Total medical and dental expense deduction amount,"Table 2.1.  Returns with Itemized Deductions: Sources of Income,  Adjustments, Itemized Deductions by Type, Exemptions, and Tax Items, by Size of Adjusted Gross Income",BN
137,7,"$200,000 under $500,000",nret_id_medical_capped,n17000,c17000_nnz,258702.0,253250.0,-5452.0,-2.107444086245951,2.107444086245951,"Number of returns with total medical expenses, capped",Number of returns with Total medical and dental expense deduction,"Table 2.1.  Returns with Itemized Deductions: Sources of Income,  Adjustments, Itemized Deductions by Type, Exemptions, and Tax Items, by Size of Adjusted Gross Income",BM
138,7,"$200,000 under $500,000",id_taxpaid,a18300,c18300,135599463000.0,136409223000.0,809760000.0,0.59717050649382,0.59717050649382,Taxes paid deduction,Taxes paid amount,"Table 2.1.  Returns with Itemized Deductions: Sources of Income,  Adjustments, Itemized Deductions by Type, Exemptions, and Tax Items, by Size of Adjusted Gross Income",BT
139,7,"$200,000 under $500,000",nret_id_taxpaid,n18300,c18300_nnz,5799775.0,5823570.0,23795.0,0.41027453651219226,0.41027453651219226,Number of returns with taxes paid deduction,Number of returns with taxes paid,"Table 2.1.  Returns with Itemized Deductions: Sources of Income,  Adjustments, Itemized Deductions by Type, Exemptions, and Tax Items, by Size of Adjusted Gross Income",BS
140,7,"$200,000 under $500,000",id_contributions,a19700,c19700,40064781000.0,40752776000.0,687995000.0,1.7172064412382535,1.7172064412382535,Contributions deduction,Total charitable contributions amount,"Table 2.1.  Returns with Itemized Deductions: Sources of Income,  Adjustments, Itemized Deductions by Type, Exemptions, and Tax Items, by Size of Adjusted Gross Income",CV
141,7,"$200,000 under $500,000",nret_id_contributions,n19700,c19700_nnz,5250599.0,5264400.0,13801.0,0.2628462009763076,0.2628462009763076,Number of returns with contributions deduction,Number of returns with Total charitable contributions,"Table 2.1.  Returns with Itemized Deductions: Sources of Income,  Adjustments, Itemized Deductions by Type, Exemptions, and Tax Items, by Size of Adjusted Gross Income",CU
142,7,"$200,000 under $500,000",wages,a00200,e00200,1206754121000.0,1209162195000.0,2408074000.0,0.19954968109033702,0.19954968109033702,Salaries and wages,Salaries and wages amount,"Table 1.4.  All Returns: Sources of Income, Adjustments, and Tax Items, by Size of Adjusted Gross Income",G
143,7,"$200,000 under $500,000",nret_wages,n00200,e00200_nnz,5511434.0,5496310.0,-15124.0,-0.2744113419483931,0.2744113419483931,Number of returns with salaries and wages,Number of returns with salaries and wages,"Table 1.4.  All Returns: Sources of Income, Adjustments, and Tax Items, by Size of Adjusted Gross Income",F
144,7,"$200,000 under $500,000",taxint,a00300,e00300,14390980000.0,14235654000.0,-155326000.0,-1.0793288573814988,1.0793288573814988,Taxable interest,Taxable interest amount,"Table 1.4.  All Returns: Sources of Income, Adjustments, and Tax Items, by Size of Adjusted Gross Income",I
145,7,"$200,000 under $500,000",nret_taxint,n00300,e00300_nnz,4755311.0,4739590.0,-15721.0,-0.3305987768202753,0.3305987768202753,Number of returns with taxable interest,Number of returns with taxable interest,"Table 1.4.  All Returns: Sources of Income, Adjustments, and Tax Items, by Size of Adjusted Gross Income",H
146,7,"$200,000 under $500,000",orddiv,a00600,e00600,53605486000.0,53195997000.0,-409489000.0,-0.7638938298218209,0.7638938298218209,Ordinary dividends,Ordinary dividends amount,"Table 1.4.  All Returns: Sources of Income, Adjustments, and Tax Items, by Size of Adjusted Gross Income",M
147,7,"$200,000 under $500,000",nret_orddiv,n00600,e00600_nnz,3869169.0,3847550.0,-21619.0,-0.5587504707083097,0.5587504707083097,Number of returns with ordinary dividends,Number of returns with ordinary dividends ,"Table 1.4.  All Returns: Sources of Income, Adjustments, and Tax Items, by Size of Adjusted Gross Income",L
148,7,"$200,000 under $500,000",nret_single,mars1,mars1,699528.0,728610.0,29082.0,4.15737468693176,4.15737468693176,Number of returns of single persons,Number of single returns,"Table 1.2.  All Returns: Adjusted Gross Income, Deductions, and Tax Items, by Size of Adjusted Gross Income and by Marital Status",BB
149,7,"$200,000 under $500,000",nret_mfjss,mars2,mars2,5303488.0,5288930.0,-14558.0,-0.27449859413276695,0.27449859413276695,Number of returns of married persons filing jointly and returns of surviving spouses,Number of joint returns,"Table 1.2.  All Returns: Adjusted Gross Income, Deductions, and Tax Items, by Size of Adjusted Gross Income and by Marital Status",O
150,7,"$200,000 under $500,000",nret_hoh,mars4,mars4,160616.0,158170.0,-2446.0,-1.5228868854908602,1.5228868854908602,Number of returns of heads of households,Number of head of household returns,"Table 1.2.  All Returns: Adjusted Gross Income, Deductions, and Tax Items, by Size of Adjusted Gross Income and by Marital Status",AO
151,7,"$200,000 under $500,000",nret_all,n1,nret_all,6215046.0,6230560.0,15514.0,0.24962003499250043,0.24962003499250043,Number of returns,Number of returns,"Table 1.1.  All Returns: Selected Income and Tax Items, by Size and Accumulated Size of Adjusted Gross Income",B
152,8,"$500,000 under $1,000,000",agi,a00100,c00100,679941585000.0,669148177000.0,-10793408000.0,-1.5874022472092217,1.5874022472092217,Adjusted gross income less deficit,Adjust gross income (AGI) [4],"Table 1.1.  All Returns: Selected Income and Tax Items, by Size and Accumulated Size of Adjusted Gross Income",D
153,8,"$500,000 under $1,000,000",socsectaxable,a02500,c02500,5163685000.0,4986562000.0,-177123000.0,-3.430166634874126,3.430166634874126,Taxable Social Security benefits,Taxable Social Security benefits amount,"Table 1.4.  All Returns: Sources of Income, Adjustments, and Tax Items, by Size of Adjusted Gross Income",BU
154,8,"$500,000 under $1,000,000",nret_socsectaxable,n02500,c02500_nnz,177386.0,172130.0,-5256.0,-2.963029776870779,2.963029776870779,Number of returns with taxable Social Security benefits,Number of returns with taxable Social Security benefits,"Table 1.4.  All Returns: Sources of Income, Adjustments, and Tax Items, by Size of Adjusted Gross Income",BT
155,8,"$500,000 under $1,000,000",id_medical_capped,a17000,c17000,557017000.0,718086000.0,161069000.0,28.916352642738012,28.916352642738012,"Total medical expenses, capped",Total medical and dental expense deduction amount,"Table 2.1.  Returns with Itemized Deductions: Sources of Income,  Adjustments, Itemized Deductions by Type, Exemptions, and Tax Items, by Size of Adjusted Gross Income",BN
156,8,"$500,000 under $1,000,000",nret_id_medical_capped,n17000,c17000_nnz,10654.0,11820.0,1166.0,10.944246292472311,10.944246292472311,"Number of returns with total medical expenses, capped",Number of returns with Total medical and dental expense deduction,"Table 2.1.  Returns with Itemized Deductions: Sources of Income,  Adjustments, Itemized Deductions by Type, Exemptions, and Tax Items, by Size of Adjusted Gross Income",BM
157,8,"$500,000 under $1,000,000",id_taxpaid,a18300,c18300,52780559000.0,52332644000.0,-447915000.0,-0.8486363321767774,0.8486363321767774,Taxes paid deduction,Taxes paid amount,"Table 2.1.  Returns with Itemized Deductions: Sources of Income,  Adjustments, Itemized Deductions by Type, Exemptions, and Tax Items, by Size of Adjusted Gross Income",BT
158,8,"$500,000 under $1,000,000",nret_id_taxpaid,n18300,c18300_nnz,938552.0,930020.0,-8532.0,-0.9090599135689871,0.9090599135689871,Number of returns with taxes paid deduction,Number of returns with taxes paid,"Table 2.1.  Returns with Itemized Deductions: Sources of Income,  Adjustments, Itemized Deductions by Type, Exemptions, and Tax Items, by Size of Adjusted Gross Income",BS
159,8,"$500,000 under $1,000,000",id_contributions,a19700,c19700,17677496000.0,17643791000.0,-33705000.0,-0.19066614411905397,0.19066614411905397,Contributions deduction,Total charitable contributions amount,"Table 2.1.  Returns with Itemized Deductions: Sources of Income,  Adjustments, Itemized Deductions by Type, Exemptions, and Tax Items, by Size of Adjusted Gross Income",CV
160,8,"$500,000 under $1,000,000",nret_id_contributions,n19700,c19700_nnz,881904.0,869510.0,-12394.0,-1.405368384767503,1.405368384767503,Number of returns with contributions deduction,Number of returns with Total charitable contributions,"Table 2.1.  Returns with Itemized Deductions: Sources of Income,  Adjustments, Itemized Deductions by Type, Exemptions, and Tax Items, by Size of Adjusted Gross Income",CU
161,8,"$500,000 under $1,000,000",wages,a00200,e00200,379375686000.0,372348573000.0,-7027113000.0,-1.8522834381115294,1.8522834381115294,Salaries and wages,Salaries and wages amount,"Table 1.4.  All Returns: Sources of Income, Adjustments, and Tax Items, by Size of Adjusted Gross Income",G
162,8,"$500,000 under $1,000,000",nret_wages,n00200,e00200_nnz,871177.0,851440.0,-19737.0,-2.265555679270688,2.265555679270688,Number of returns with salaries and wages,Number of returns with salaries and wages,"Table 1.4.  All Returns: Sources of Income, Adjustments, and Tax Items, by Size of Adjusted Gross Income",F
163,8,"$500,000 under $1,000,000",taxint,a00300,e00300,8601677000.0,8295811000.0,-305866000.0,-3.555887997189385,3.555887997189385,Taxable interest,Taxable interest amount,"Table 1.4.  All Returns: Sources of Income, Adjustments, and Tax Items, by Size of Adjusted Gross Income",I
164,8,"$500,000 under $1,000,000",nret_taxint,n00300,e00300_nnz,918148.0,904910.0,-13238.0,-1.4418154807285972,1.4418154807285972,Number of returns with taxable interest,Number of returns with taxable interest,"Table 1.4.  All Returns: Sources of Income, Adjustments, and Tax Items, by Size of Adjusted Gross Income",H
165,8,"$500,000 under $1,000,000",orddiv,a00600,e00600,28937256000.0,28552337000.0,-384919000.0,-1.3301848661808156,1.3301848661808156,Ordinary dividends,Ordinary dividends amount,"Table 1.4.  All Returns: Sources of Income, Adjustments, and Tax Items, by Size of Adjusted Gross Income",M
166,8,"$500,000 under $1,000,000",nret_orddiv,n00600,e00600_nnz,810519.0,787270.0,-23249.0,-2.8684090070683106,2.8684090070683106,Number of returns with ordinary dividends,Number of returns with ordinary dividends ,"Table 1.4.  All Returns: Sources of Income, Adjustments, and Tax Items, by Size of Adjusted Gross Income",L
167,8,"$500,000 under $1,000,000",nret_single,mars1,mars1,110266.0,109470.0,-796.0,-0.7218907006692906,0.7218907006692906,Number of returns of single persons,Number of single returns,"Table 1.2.  All Returns: Adjusted Gross Income, Deductions, and Tax Items, by Size of Adjusted Gross Income and by Marital Status",BB
168,8,"$500,000 under $1,000,000",nret_mfjss,mars2,mars2,864399.0,847700.0,-16699.0,-1.9318624848015788,1.9318624848015788,Number of returns of married persons filing jointly and returns of surviving spouses,Number of joint returns,"Table 1.2.  All Returns: Adjusted Gross Income, Deductions, and Tax Items, by Size of Adjusted Gross Income and by Marital Status",O
169,8,"$500,000 under $1,000,000",nret_hoh,mars4,mars4,24755.0,24580.0,-175.0,-0.7069278933548778,0.7069278933548778,Number of returns of heads of households,Number of head of household returns,"Table 1.2.  All Returns: Adjusted Gross Income, Deductions, and Tax Items, by Size of Adjusted Gross Income and by Marital Status",AO
170,8,"$500,000 under $1,000,000",nret_all,n1,nret_all,1010203.0,993160.0,-17043.0,-1.6870866548604586,1.6870866548604586,Number of returns,Number of returns,"Table 1.1.  All Returns: Selected Income and Tax Items, by Size and Accumulated Size of Adjusted Gross Income",B
171,9,"$1,000,000 or more",agi,a00100,c00100,1658924512000.0,1662108213000.0,3183701000.0,0.19191355465365503,0.19191355465365503,Adjusted gross income less deficit,Adjust gross income (AGI) [4],"Table 1.1.  All Returns: Selected Income and Tax Items, by Size and Accumulated Size of Adjusted Gross Income",D
172,9,"$1,000,000 or more",socsectaxable,a02500,c02500,2776239000.0,2783529000.0,7290000.0,0.26258546184244225,0.26258546184244225,Taxable Social Security benefits,Taxable Social Security benefits amount,"Table 1.4.  All Returns: Sources of Income, Adjustments, and Tax Items, by Size of Adjusted Gross Income",BU
173,9,"$1,000,000 or more",nret_socsectaxable,n02500,c02500_nnz,91389.0,92220.0,831.0,0.909299806322424,0.909299806322424,Number of returns with taxable Social Security benefits,Number of returns with taxable Social Security benefits,"Table 1.4.  All Returns: Sources of Income, Adjustments, and Tax Items, by Size of Adjusted Gross Income",BT
174,9,"$1,000,000 or more",id_medical_capped,a17000,c17000,312775000.0,234937000.0,-77838000.0,-24.886260091119812,24.886260091119812,"Total medical expenses, capped",Total medical and dental expense deduction amount,"Table 2.1.  Returns with Itemized Deductions: Sources of Income,  Adjustments, Itemized Deductions by Type, Exemptions, and Tax Items, by Size of Adjusted Gross Income",BN
175,9,"$1,000,000 or more",nret_id_medical_capped,n17000,c17000_nnz,2572.0,2140.0,-432.0,-16.796267496111973,16.796267496111973,"Number of returns with total medical expenses, capped",Number of returns with Total medical and dental expense deduction,"Table 2.1.  Returns with Itemized Deductions: Sources of Income,  Adjustments, Itemized Deductions by Type, Exemptions, and Tax Items, by Size of Adjusted Gross Income",BM
176,9,"$1,000,000 or more",id_taxpaid,a18300,c18300,127673847000.0,128359342000.0,685495000.0,0.5369110558719202,0.5369110558719202,Taxes paid deduction,Taxes paid amount,"Table 2.1.  Returns with Itemized Deductions: Sources of Income,  Adjustments, Itemized Deductions by Type, Exemptions, and Tax Items, by Size of Adjusted Gross Income",BT
177,9,"$1,000,000 or more",nret_id_taxpaid,n18300,c18300_nnz,452100.0,455310.0,3210.0,0.710019907100199,0.710019907100199,Number of returns with taxes paid deduction,Number of returns with taxes paid,"Table 2.1.  Returns with Itemized Deductions: Sources of Income,  Adjustments, Itemized Deductions by Type, Exemptions, and Tax Items, by Size of Adjusted Gross Income",BS
178,9,"$1,000,000 or more",id_contributions,a19700,c19700,83212421000.0,83399092000.0,186671000.0,0.22433069216914142,0.22433069216914142,Contributions deduction,Total charitable contributions amount,"Table 2.1.  Returns with Itemized Deductions: Sources of Income,  Adjustments, Itemized Deductions by Type, Exemptions, and Tax Items, by Size of Adjusted Gross Income",CV
179,9,"$1,000,000 or more",nret_id_contributions,n19700,c19700_nnz,432519.0,435130.0,2611.0,0.6036729022308847,0.6036729022308847,Number of returns with contributions deduction,Number of returns with Total charitable contributions,"Table 2.1.  Returns with Itemized Deductions: Sources of Income,  Adjustments, Itemized Deductions by Type, Exemptions, and Tax Items, by Size of Adjusted Gross Income",CU
180,9,"$1,000,000 or more",wages,a00200,e00200,489052554000.0,486066557000.0,-2985997000.0,-0.610567714160225,0.610567714160225,Salaries and wages,Salaries and wages amount,"Table 1.4.  All Returns: Sources of Income, Adjustments, and Tax Items, by Size of Adjusted Gross Income",G
181,9,"$1,000,000 or more",nret_wages,n00200,e00200_nnz,410416.0,406400.0,-4016.0,-0.9785193559705274,0.9785193559705274,Number of returns with salaries and wages,Number of returns with salaries and wages,"Table 1.4.  All Returns: Sources of Income, Adjustments, and Tax Items, by Size of Adjusted Gross Income",F
182,9,"$1,000,000 or more",taxint,a00300,e00300,43506268000.0,43238384000.0,-267884000.0,-0.6157365646715549,0.6157365646715549,Taxable interest,Taxable interest amount,"Table 1.4.  All Returns: Sources of Income, Adjustments, and Tax Items, by Size of Adjusted Gross Income",I
183,9,"$1,000,000 or more",nret_taxint,n00300,e00300_nnz,479637.0,480190.0,553.0,0.11529552557454907,0.11529552557454907,Number of returns with taxable interest,Number of returns with taxable interest,"Table 1.4.  All Returns: Sources of Income, Adjustments, and Tax Items, by Size of Adjusted Gross Income",H
184,9,"$1,000,000 or more",orddiv,a00600,e00600,101369882000.0,101753448000.0,383566000.0,0.37838260480563646,0.37838260480563646,Ordinary dividends,Ordinary dividends amount,"Table 1.4.  All Returns: Sources of Income, Adjustments, and Tax Items, by Size of Adjusted Gross Income",M
185,9,"$1,000,000 or more",nret_orddiv,n00600,e00600_nnz,434376.0,434660.0,284.0,0.06538114444628618,0.06538114444628618,Number of returns with ordinary dividends,Number of returns with ordinary dividends ,"Table 1.4.  All Returns: Sources of Income, Adjustments, and Tax Items, by Size of Adjusted Gross Income",L
186,9,"$1,000,000 or more",nret_single,mars1,mars1,59518.0,58900.0,-618.0,-1.0383413421149905,1.0383413421149905,Number of returns of single persons,Number of single returns,"Table 1.2.  All Returns: Adjusted Gross Income, Deductions, and Tax Items, by Size of Adjusted Gross Income and by Marital Status",BB
187,9,"$1,000,000 or more",nret_mfjss,mars2,mars2,412730.0,413460.0,730.0,0.17687107794441886,0.17687107794441886,Number of returns of married persons filing jointly and returns of surviving spouses,Number of joint returns,"Table 1.2.  All Returns: Adjusted Gross Income, Deductions, and Tax Items, by Size of Adjusted Gross Income and by Marital Status",O
188,9,"$1,000,000 or more",nret_hoh,mars4,mars4,12604.0,12290.0,-314.0,-2.491272611869248,2.491272611869248,Number of returns of heads of households,Number of head of household returns,"Table 1.2.  All Returns: Adjusted Gross Income, Deductions, and Tax Items, by Size of Adjusted Gross Income and by Marital Status",AO
189,9,"$1,000,000 or more",nret_all,n1,nret_all,494857.0,495390.0,533.0,0.10770788328749517,0.10770788328749517,Number of returns,Number of returns,"Table 1.1.  All Returns: Selected Income and Tax Items, by Size and Accumulated Size of Adjusted Gross Income",B
